channel_num,center_freq_mhz,timestamp,avg_power_db,peak_power_db,std_dev_db,signal_presence_ratio,mean_amplitude,max_amplitude,crest_factor,noise_floor_db,num_detected_peaks,in_channel_power_db,spectral_flatness,ap_channel,sample_id
1,2412.000000001859,2025-04-21T19:23:32.842913,-92.9516,-68.65947,8.977875,0.7659574468085106,0.3179136087758172,0.6190534830093384,1.5691350535785529,-99.98842,5,-92.853874,0.12611806392669678,0,1
1,2412.000000001859,2025-04-21T19:23:33.529870,-93.26342,-62.760475,8.855274,0.20454545454545456,0.16731250177730214,1.1886907815933228,3.0752880311478203,-99.961914,6,-92.263885,0.12061002105474472,0,2
1,2412.000000001859,2025-04-21T19:23:34.217451,-99.92583,-82.892525,0.32554895,0.0,0.005239146731523459,0.05612438917160034,5.927396843414979,-99.99158,0,-99.920265,0.9965298771858215,0,3
2,2417.000000001862,2025-04-21T19:23:34.413415,-99.86441,-79.33684,0.5044612,0.0,0.007748588105266573,0.052307870239019394,4.06329412232244,-99.990425,0,-99.839836,0.9908674359321594,0,1
2,2417.000000001862,2025-04-21T19:23:35.095733,-99.898926,-80.84361,0.3830842,0.0,0.007219435435610609,0.046450093388557434,4.368773466688087,-99.991394,0,-99.830345,0.9946253895759583,0,2
2,2417.000000001862,2025-04-21T19:23:35.791885,-88.88154,-62.19924,10.189614,0.7659574468085106,0.636149442300331,1.3101885318756104,1.6996594725693999,-99.27434,7,-83.145546,0.0861213281750679,0,3
3,2422.0000000018617,2025-04-21T19:23:35.987054,-85.40137,-60.326294,8.199615,0.3829787234042553,0.44328193905257063,1.4108939170837402,1.912919921188077,-96.535614,9,-78.88354,0.2115909308195114,0,1
3,2422.0000000018617,2025-04-21T19:23:36.679887,-86.36389,-60.88503,8.637088,1.0,0.6082919493584917,1.4132208824157715,1.9720460553761958,-97.187805,9,-79.40934,0.17785052955150604,0,2
3,2422.0000000018617,2025-04-21T19:23:37.362106,-92.90529,-63.27433,9.014952,0.23404255319148937,0.19065418867056302,1.2068860530853271,2.9239285692117267,-99.9236,5,-86.054565,0.11694114655256271,0,3
4,2427.00000000186,2025-04-21T19:23:37.543519,-99.87501,-80.29838,0.5283933,0.0,0.008315888990896365,0.048931095749139786,3.8558956387956034,-99.98608,0,-99.7826,0.9882743954658508,0,1
4,2427.00000000186,2025-04-21T19:23:38.209934,-94.87627,-67.591446,6.915572,0.23404255319148937,0.10609825005569108,0.6005550026893616,2.6979190440864893,-99.98532,5,-90.72079,0.24232834577560425,0,2
4,2427.00000000186,2025-04-21T19:23:38.878971,-99.892334,-80.30313,0.39903364,0.0,0.007912102628858277,0.048269279301166534,4.286319251043651,-99.98697,0,-99.82987,0.9936689138412476,0,3
5,2432.000000001859,2025-04-21T19:23:39.060190,-94.93917,-68.678505,6.8094172,0.23404255319148937,0.10419641910715306,0.5902364253997803,2.7199445208140007,-99.958244,5,-94.66671,0.2501397430896759,0,1
5,2432.000000001859,2025-04-21T19:23:39.753064,-99.92644,-79.995766,0.2775135,0.0,0.0060215033836348835,0.048992425203323364,5.732405992754034,-99.985085,0,-99.88182,0.9971847534179688,0,2
5,2432.000000001859,2025-04-21T19:23:40.438385,-84.47035,-61.703697,9.516906,0.7954545454545454,0.7961725135219289,1.4131993055343628,1.5146782347174297,-97.29363,8,-84.15726,0.16260789334774017,0,3
6,2437.000000001862,2025-04-21T19:23:40.620598,-99.69045,-71.42483,1.3372269,0.0,0.014410629399776657,0.1024618148803711,3.506104006065755,-99.98496,1,-99.95034,0.8896382451057434,0,1
6,2437.000000001862,2025-04-21T19:23:41.289529,-95.44255,-72.940216,6.3663874,0.6595744680851063,0.15119433848620156,0.38214001059532166,1.961277604786217,-99.98496,3,-95.10965,0.2711074948310852,0,2
6,2437.000000001862,2025-04-21T19:23:41.973425,-99.86361,-72.36781,0.60210264,0.0,0.008128091315747158,0.09999770671129227,7.16090779491164,-99.98737,0,-99.95273,0.9803264737129211,0,3
7,2442.0000000018617,2025-04-21T19:23:42.166081,-88.23079,-60.772247,8.863243,1.0,0.7219435907284215,1.413220763206482,1.7939680421750386,-97.54365,6,-92.26281,0.09515415132045746,0,1
7,2442.0000000018617,2025-04-21T19:23:42.853324,-96.39046,-69.52443,6.752293,0.723404255319149,0.19787060634563702,0.44689732789993286,1.9429756386095884,-99.9709,3,-99.86008,0.16049204766750336,0,2
7,2442.0000000018617,2025-04-21T19:23:43.534430,-97.15251,-72.03655,4.926175,0.23404255319148937,0.07302635807169444,0.5051162838935852,3.8425348063815727,-99.97849,2,-99.19444,0.3610837459564209,0,3
8,2447.00000000186,2025-04-21T19:23:43.715216,-95.32536,-72.40094,6.611326,0.723404255319149,0.1647858782813208,0.4211732745170593,2.0436773037168416,-99.98475,3,-90.72551,0.2499029040336609,0,1
8,2447.00000000186,2025-04-21T19:23:44.393337,-99.68321,-71.9329,1.3589811,0.0,0.01359444660818395,0.10111096501350403,3.626804846644045,-99.9876,1,-99.39448,0.8928881883621216,0,2
8,2447.00000000186,2025-04-21T19:23:45.071493,-98.72293,-74.920265,2.7323577,0.0,0.05029076829714973,0.18613795936107635,3.2326829718446097,-99.97809,0,-99.474625,0.7317487597465515,0,3
9,2452.000000001859,2025-04-21T19:23:45.257459,-99.96275,-99.45725,0.016988723,0.0,0.005212610425380154,0.020268170163035393,3.4352229400799166,-99.988144,0,-99.960724,0.9999927282333374,0,1
9,2452.000000001859,2025-04-21T19:23:45.931342,-98.54433,-73.647644,2.1377342,0.02127659574468085,0.020795206462635715,0.4199780225753784,8.361592271281644,-99.98636,0,-97.545334,0.8506609797477722,0,2
9,2452.000000001859,2025-04-21T19:23:46.614855,-99.33647,-70.8813,1.9100926,0.0,0.02927211686676624,0.13787469267845154,3.2071614710556484,-99.97687,1,-98.764984,0.7902820110321045,0,3
10,2457.000000001862,2025-04-21T19:23:46.789035,-99.90634,-97.046524,0.12363562,0.0,0.008201381639982692,0.031120985746383667,3.314932586492046,-99.98817,0,-99.901054,0.999586820602417,0,1
10,2457.000000001862,2025-04-21T19:23:47.458801,-99.96207,-98.351456,0.02271441,0.0,0.005142064963871109,0.10760511457920074,17.86379728563062,-99.98955,0,-99.96068,0.9999871850013733,0,2
10,2457.000000001862,2025-04-21T19:23:48.127450,-99.96271,-98.88013,0.02639672,0.0,0.0051141287815983615,0.024677090346813202,4.1967321203626025,-99.99,0,-99.958984,0.9999815225601196,0,3
11,2462.0000000018617,2025-04-21T19:23:48.301075,-99.712715,-72.43715,1.172617,0.0,0.012404714617373101,0.1107880026102066,4.45922879970791,-99.99026,0,-99.9662,0.9245205521583557,0,1
11,2462.0000000018617,2025-04-21T19:23:48.981620,-96.8712,-71.86153,5.0399785,0.3404255319148936,0.07596121432137679,0.3971708118915558,3.118021766681306,-99.98637,2,-99.57015,0.40476226806640625,0,2
11,2462.0000000018617,2025-04-21T19:23:49.653376,-99.719635,-71.7846,1.1983266,0.0,0.011207571261417483,0.10867731273174286,4.488994958346231,-99.99053,0,-99.94738,0.9232699275016785,0,3
1,2412.000000001859,2025-04-21T19:24:23.660226,-99.82689,-73.9924,0.8766401,0.0,0.009167756917927232,0.07538700848817825,3.9898245890328323,-99.99167,0,-99.805374,0.9580175876617432,1,1
1,2412.000000001859,2025-04-21T19:24:24.327861,-99.7261,-71.67313,1.0404791,0.0,0.010800720802883232,0.09526367485523224,4.180395823833441,-99.991844,0,-99.81626,0.9449946880340576,1,2
1,2412.000000001859,2025-04-21T19:24:24.994418,-99.537094,-69.97656,2.012149,0.0,0.023030224391505975,0.1226210668683052,2.6840229038449865,-99.99163,1,-99.981316,0.7388853430747986,1,3
2,2417.000000001862,2025-04-21T19:24:25.172423,-83.61917,-62.15948,7.1053843,0.40425531914893614,0.4627855189203669,1.4132208824157715,1.9104205024391123,-95.0799,13,-80.3973,0.31539565324783325,1,1
2,2417.000000001862,2025-04-21T19:24:25.862818,-91.11593,-52.86258,10.091386,0.7659574468085106,0.5087874476990204,0.7702205777168274,1.385262754677312,-99.987335,6,-86.388596,0.0982670858502388,1,2
2,2417.000000001862,2025-04-21T19:24:26.543592,-99.13127,-57.516766,3.8255937,0.0,0.05415308466045171,0.6821467280387878,3.8472152792360705,-99.990524,1,-99.65763,0.1449785679578781,1,3
3,2422.0000000018617,2025-04-21T19:24:26.721375,-99.948395,-81.42331,0.1989381,0.0,0.005141056598614031,0.03713463246822357,5.199198319284878,-99.98981,0,-99.974655,0.9986566305160522,1,1
3,2422.0000000018617,2025-04-21T19:24:27.408896,-99.66478,-73.41931,1.4508477,0.0,0.014502452497176308,0.09872648119926453,3.278165222517329,-99.9902,0,-99.35548,0.8877310156822205,1,2
3,2422.0000000018617,2025-04-21T19:24:28.085773,-99.95488,-98.93394,0.032922685,0.0,0.005660924326642434,0.024898197501897812,3.85718461029258,-99.987305,0,-99.9551,0.9999725818634033,1,3
4,2427.00000000186,2025-04-21T19:24:28.272232,-80.4548,-60.897747,6.9600315,0.7659574468085106,0.8548504932055038,1.4132208824157715,1.401239913087911,-92.95091,15,-78.58711,0.3510332405567169,1,1
4,2427.00000000186,2025-04-21T19:24:28.949357,-92.95635,-60.66277,5.0720315,0.045454545454545456,0.0507607620455152,1.4087213277816772,7.057586621546089,-98.65243,4,-90.818634,0.4459560811519623,1,2
4,2427.00000000186,2025-04-21T19:24:29.637024,-99.73845,-75.160355,1.1108334,0.0,0.010987545720825704,0.09669360518455505,4.253783140848074,-99.9875,0,-99.50812,0.9400965571403503,1,3
5,2432.000000001859,2025-04-21T19:24:29.815372,-98.96489,-80.011856,1.8916713,0.0,0.023320536251410277,0.15166877210140228,3.60255980383014,-99.96615,0,-99.91413,0.8842490315437317,1,1
5,2432.000000001859,2025-04-21T19:24:30.497041,-95.750046,-71.16588,5.913863,0.23404255319148937,0.07921381299078938,0.4501752555370331,2.700846693689514,-99.97283,4,-95.494,0.33344027400016785,1,2
5,2432.000000001859,2025-04-21T19:24:31.178827,-88.925735,-61.904926,10.95918,0.7659574468085106,0.6782616553726324,1.3465429544448853,1.6472869649189983,-99.316925,7,-90.117325,0.07571763545274734,1,3
6,2437.000000001862,2025-04-21T19:24:31.363401,-99.643845,-72.458084,1.4590557,0.0,0.015369602288555736,0.1060398519039154,3.538193434057974,-99.98322,0,-99.91946,0.8813162446022034,1,1
6,2437.000000001862,2025-04-21T19:24:32.042336,-89.65737,-61.71663,9.587752,1.0,0.546865592004858,1.4132205247879028,2.252627008070763,-98.73756,6,-92.903915,0.10793236643075943,1,2
6,2437.000000001862,2025-04-21T19:24:32.715521,-99.3975,-79.72216,1.2627709,0.0,0.02387355840051975,0.08315008133649826,2.7924300505914688,-99.96977,0,-99.88627,0.9437859654426575,1,3
7,2442.0000000018617,2025-04-21T19:24:32.903417,-92.7001,-61.77414,8.791262,0.9787234042553191,0.41048134973658884,1.4132205247879028,2.7790874686821474,-99.34236,5,-97.997185,0.08143262565135956,1,1
7,2442.0000000018617,2025-04-21T19:24:33.586549,-93.515755,-62.8453,8.118197,0.18181818181818182,0.18151975739448467,1.4093016386032104,3.5352205690810314,-99.474205,5,-98.36321,0.10751111805438995,1,2
7,2442.0000000018617,2025-04-21T19:24:34.263327,-99.51408,-72.8088,1.3122778,0.0,0.019367009008207,0.14860358834266663,4.892811957773327,-99.98761,0,-99.064255,0.9115442037582397,1,3
8,2447.00000000186,2025-04-21T19:24:34.456497,-98.765945,-70.995705,2.7312565,0.0,0.05062352467140258,0.18652650713920593,3.2008574666333462,-99.97854,1,-99.32642,0.7219021320343018,1,1
8,2447.00000000186,2025-04-21T19:24:35.144919,-98.98567,-73.36459,2.2836683,0.0,0.03358442801259486,0.19247028231620789,4.0174477203136405,-99.98298,0,-99.38,0.7970134615898132,1,2
8,2447.00000000186,2025-04-21T19:24:35.831602,-99.524445,-73.234344,1.2265412,0.0,0.01577295882034461,0.1686209887266159,6.06832363176591,-99.977585,0,-99.69534,0.9393421411514282,1,3
9,2452.000000001859,2025-04-21T19:24:36.019595,-99.66623,-71.927765,1.1720502,0.0,0.013061566704951778,0.11844779551029205,4.809321026203565,-99.98873,0,-99.36629,0.9300058484077454,1,1
9,2452.000000001859,2025-04-21T19:24:36.701625,-99.75409,-72.79548,1.0683331,0.0,0.01037284595845986,0.08922351896762848,4.116630791970423,-99.98844,0,-99.53598,0.9439878463745117,1,2
9,2452.000000001859,2025-04-21T19:24:37.384825,-99.953,-96.936295,0.028546788,0.0,0.005782129489037709,0.025325575843453407,3.829923459193471,-99.98716,0,-99.93628,0.9999764561653137,1,3
10,2457.000000001862,2025-04-21T19:24:37.563449,-99.69025,-73.102196,1.338392,0.0,0.014957037661341165,0.08803021907806396,3.131005322194544,-99.98884,0,-99.41009,0.9024351835250854,1,1
10,2457.000000001862,2025-04-21T19:24:38.236057,-99.69968,-74.95864,1.2555712,0.0,0.015294581629307906,0.07436066120862961,2.883930265417032,-99.98966,0,-99.438354,0.9172024130821228,1,2
10,2457.000000001862,2025-04-21T19:24:38.897771,-99.97119,-99.49753,0.011691554,0.0,0.004551178408179053,0.017503896728157997,3.3898711131898365,-99.99011,0,-99.96779,0.9999951124191284,1,3
11,2462.0000000018617,2025-04-21T19:24:39.071884,-99.65908,-75.77905,1.0623372,0.0,0.012647290520678419,0.09230674803256989,4.00359229827554,-99.98659,0,-99.92453,0.9503231048583984,1,1
11,2462.0000000018617,2025-04-21T19:24:39.746621,-99.77936,-76.97555,0.957802,0.0,0.009650356599475923,0.08445726335048676,4.261945139782149,-99.98817,0,-99.974174,0.956924557685852,1,2
11,2462.0000000018617,2025-04-21T19:24:40.416670,-99.706375,-72.20741,1.1598935,0.0,0.011441543403644585,0.09839817136526108,3.950959683161506,-99.989235,0,-99.973625,0.9344028234481812,1,3
1,2412.000000001859,2025-04-21T19:24:51.814370,-99.58661,-70.28283,1.7966517,0.0,0.018008600228221705,0.10628195852041245,2.83683637562893,-99.99137,1,-99.56264,0.8074920177459717,2,1
1,2412.000000001859,2025-04-21T19:24:52.501918,-93.15921,-69.15484,8.78455,0.7659574468085106,0.30185213008919604,0.5564456582069397,1.48981471081306,-99.98989,5,-92.95888,0.13404151797294617,2,2
1,2412.000000001859,2025-04-21T19:24:53.178126,-99.6639,-75.33248,1.3249481,0.0,0.011305011333303248,0.10450313240289688,3.9486363352398373,-99.99117,0,-99.91586,0.9145888090133667,2,3
2,2417.000000001862,2025-04-21T19:24:53.360065,-90.26026,-61.99649,8.324425,0.23404255319148937,0.2213413234596507,1.4132206439971924,2.9944542431314622,-99.27227,6,-86.06958,0.16623562574386597,2,1
2,2417.000000001862,2025-04-21T19:24:54.047580,-81.3566,-60.248764,7.543431,0.7659574468085106,0.8639769210783601,1.4132423400878906,1.3961791533183894,-93.55169,13,-77.86633,0.28370556235313416,2,2
2,2417.000000001862,2025-04-21T19:24:54.731223,-84.40118,-61.398872,8.714577,0.9787234042553191,0.8885470015136311,1.4132206439971924,1.4924012223773966,-96.17631,10,-80.00699,0.16123847663402557,2,3
3,2422.0000000018617,2025-04-21T19:24:54.917934,-99.44316,-69.40166,2.3336878,0.0,0.02726448374984162,0.13708963990211487,2.5417081769038057,-99.99083,1,-98.91409,0.6522152423858643,2,1
3,2422.0000000018617,2025-04-21T19:24:55.608999,-99.793625,-75.40663,0.827572,0.0,0.010492012567404762,0.08748403191566467,4.817931124733579,-99.98943,0,-99.66111,0.9680173397064209,2,2
3,2422.0000000018617,2025-04-21T19:24:56.301521,-99.96532,-96.48662,0.021719808,0.0,0.004933960874427793,0.02112235315144062,3.7379013101368885,-99.98595,0,-99.95818,0.9999874830245972,2,3
4,2427.00000000186,2025-04-21T19:24:56.485907,-94.99576,-69.93783,6.763849,0.23404255319148937,0.098695354507424,0.583011269569397,2.728152746746825,-99.97972,4,-90.97598,0.253587543964386,2,1
4,2427.00000000186,2025-04-21T19:24:57.174584,-97.18781,-76.27406,3.7305756,0.0425531914893617,0.054038808044414494,0.4038597345352173,4.403681662816036,-99.947235,0,-96.06068,0.6141054034233093,2,2
4,2427.00000000186,2025-04-21T19:24:57.853285,-99.787445,-74.65203,0.96267986,0.0,0.009504395760642423,0.08426016569137573,4.227347822162241,-99.99009,0,-99.599594,0.9545045495033264,2,3
5,2432.000000001859,2025-04-21T19:24:58.024634,-99.09505,-55.276627,4.4963956,0.0,0.11569214714632763,0.712108850479126,2.5743834169888093,-99.986694,1,-98.24305,0.060954175889492035,2,1
5,2432.000000001859,2025-04-21T19:24:58.708804,-99.83821,-77.05783,0.6905968,0.0,0.008837452032290551,0.06887055188417435,4.4298527145239195,-99.98666,0,-99.70769,0.9784836769104004,2,2
5,2432.000000001859,2025-04-21T19:24:59.398992,-99.50903,-69.67294,2.0539079,0.0,0.017147907904400943,0.1758120208978653,3.937525941871362,-99.987465,1,-99.96223,0.7469356060028076,2,3
6,2437.000000001862,2025-04-21T19:24:59.569564,-86.455215,-60.578087,9.634211,0.9574468085106383,0.8034135348209004,1.4132208824157715,1.6074825532224153,-96.92192,8,-89.22827,0.11590328812599182,2,1
6,2437.000000001862,2025-04-21T19:25:00.238719,-96.10095,-69.12529,5.6625137,0.0425531914893617,0.13114675879727117,0.33137205243110657,2.09898474458896,-99.98562,3,-95.766,0.3369395136833191,2,2
6,2437.000000001862,2025-04-21T19:25:00.915159,-94.557205,-64.228096,8.559504,0.23404255319148937,0.15307445637524303,1.147487759590149,3.2438082111698856,-99.94418,5,-99.154,0.10773148387670517,2,3
7,2442.0000000018617,2025-04-21T19:25:01.086240,-99.51114,-68.388016,1.5947409,0.0,0.015566914579895173,0.13762357831001282,4.111299804055721,-99.986786,1,-99.48181,0.8697434663772583,2,1
7,2442.0000000018617,2025-04-21T19:25:01.752665,-93.36638,-60.5515,8.338302,0.23404255319148937,0.21954899149533855,1.4131991863250732,3.3911316701457284,-99.668434,5,-97.80121,0.10316185653209686,2,2
7,2442.0000000018617,2025-04-21T19:25:02.442170,-99.36728,-73.151215,1.8009669,0.0,0.020658877535467104,0.17404873669147491,4.400216950346368,-99.98733,0,-99.38352,0.8497593998908997,2,3
8,2447.00000000186,2025-04-21T19:25:02.629808,-99.38565,-67.19365,1.4875171,0.0,0.020848033485565593,0.1536068618297577,4.402664383194784,-99.987724,1,-99.01989,0.873018205165863,2,1
8,2447.00000000186,2025-04-21T19:25:03.312355,-93.33333,-69.9511,6.3573155,0.723404255319149,0.18497187202057344,0.6264575123786926,2.682845129021726,-99.56025,5,-91.771515,0.31872546672821045,2,2
8,2447.00000000186,2025-04-21T19:25:03.990961,-99.016464,-82.12085,2.5368779,0.0,0.05042610009312381,0.09377045184373856,1.7661398868207852,-99.98028,0,-99.93559,0.735095739364624,2,3
9,2452.000000001859,2025-04-21T19:25:04.159860,-99.96834,-99.00997,0.011561673,0.0,0.004803545265134096,0.02120014652609825,3.901935866395295,-99.98799,0,-99.96268,0.9999972581863403,2,1
9,2452.000000001859,2025-04-21T19:25:04.839392,-99.48418,-72.33829,1.7369078,0.0,0.01953927437166,0.12326785922050476,3.4816016634816607,-99.98835,0,-99.00065,0.8424119353294373,2,2
9,2452.000000001859,2025-04-21T19:25:05.508190,-99.43918,-69.11243,1.845504,0.0,0.023050134471420652,0.15112096071243286,3.7657813006994223,-99.98569,1,-98.92917,0.7964852452278137,2,3
10,2457.000000001862,2025-04-21T19:25:05.680005,-99.75983,-76.510345,1.0083468,0.0,0.00876912432608129,0.12293697893619537,5.6913408049431595,-99.9893,0,-99.54707,0.957273542881012,2,1
10,2457.000000001862,2025-04-21T19:25:06.347426,-99.88605,-93.05231,0.19205908,0.0,0.008072056648976911,0.040371641516685486,3.8705881470146335,-99.98955,0,-99.89239,0.9989702701568604,2,2
10,2457.000000001862,2025-04-21T19:25:07.009606,-99.96544,-98.45001,0.020571563,0.0,0.004945335917339555,0.02152731642127037,3.785360730441557,-99.989845,0,-99.961075,0.9999884963035583,2,3
11,2462.0000000018617,2025-04-21T19:25:07.199938,-99.52726,-69.84787,1.9672788,0.0,0.020367532369242044,0.12007588148117065,2.8753984861245394,-99.990456,1,-99.97029,0.7679941654205322,2,1
11,2462.0000000018617,2025-04-21T19:25:07.869230,-99.700294,-74.100296,1.1073259,0.0,0.011018680959231265,0.1282707154750824,5.304372226708413,-99.99023,0,-99.9652,0.9447888135910034,2,2
11,2462.0000000018617,2025-04-21T19:25:08.542688,-99.57774,-69.733215,1.5588108,0.0,0.016131596998915754,0.14539341628551483,4.357742390351378,-99.989586,1,-99.96231,0.860599935054779,2,3
1,2412.000000001859,2025-04-21T19:25:20.087083,-99.98183,-99.676254,0.005913459,0.0,0.0036230969488695356,0.019917946308851242,4.854008501529092,-99.99163,0,-99.98051,0.9999998211860657,3,1
1,2412.000000001859,2025-04-21T19:25:20.766619,-95.15067,-69.36629,6.6937647,0.23404255319148937,0.10050557661315129,0.5583717226982117,2.699736479132987,-99.99096,3,-95.05668,0.2598635256290436,3,2
1,2412.000000001859,2025-04-21T19:25:21.451279,-99.62567,-74.68839,1.3775188,0.0,0.01635704904881725,0.08097225427627563,2.7699522258444986,-99.991165,1,-99.71524,0.9008637070655823,3,3
2,2417.000000001862,2025-04-21T19:25:21.640399,-99.64935,-74.33771,1.228105,0.0,0.012956137049431894,0.08686016499996185,3.4227629377573603,-99.99131,0,-99.58571,0.9307413101196289,3,1
2,2417.000000001862,2025-04-21T19:25:22.331546,-99.97514,-95.90193,0.015429321,0.0,0.0041931090973594265,0.07531146705150604,14.667284845490782,-99.99119,0,-99.97137,0.9999940395355225,3,2
2,2417.000000001862,2025-04-21T19:25:23.015899,-99.86061,-78.925446,0.5688793,0.0,0.0072541577745389085,0.07920662313699722,5.598024402538785,-99.99061,0,-99.95978,0.9880114197731018,3,3
3,2422.0000000018617,2025-04-21T19:25:23.199872,-99.893005,-81.93399,0.3837387,0.0,0.007558167975397472,0.056258682161569595,5.097533771013706,-99.98148,0,-99.950645,0.9951245784759521,3,1
3,2422.0000000018617,2025-04-21T19:25:23.882860,-99.78327,-78.01181,0.80040854,0.0,0.008864554848629184,0.08875378966331482,5.118598913163687,-99.98903,0,-99.690544,0.9753415584564209,3,2
3,2422.0000000018617,2025-04-21T19:25:24.555863,-99.66913,-74.23209,1.208262,0.0,0.014527270716331779,0.0850229561328888,3.309464461545429,-99.98746,0,-99.52102,0.9276899695396423,3,3
4,2427.00000000186,2025-04-21T19:25:24.725084,-99.71936,-73.79515,0.9750489,0.0,0.012660005602878385,0.09689820557832718,4.406136997232903,-99.98829,0,-99.585495,0.9570057392120361,3,1
4,2427.00000000186,2025-04-21T19:25:25.393918,-92.30792,-62.98787,8.633967,0.23404255319148937,0.192910841986394,1.3283424377441406,3.1570318951448333,-99.84882,5,-88.34853,0.12943649291992188,3,2
4,2427.00000000186,2025-04-21T19:25:26.077271,-97.27826,-72.92816,3.9834356,0.06382978723404255,0.027552654268744592,0.49033865332603455,5.31560533626653,-99.98625,0,-94.80271,0.5866755247116089,3,3
5,2432.000000001859,2025-04-21T19:25:26.255565,-86.7944,-62.29895,7.3724217,0.23404255319148937,0.332111852528107,1.4132205247879028,2.726159821888218,-97.49154,8,-88.85052,0.30512934923171997,3,1
5,2432.000000001859,2025-04-21T19:25:26.934280,-99.7267,-71.66916,0.98510337,0.0,0.010896784671406274,0.12058407813310623,5.695418465823891,-99.98656,0,-99.960915,0.9507725238800049,3,2
5,2432.000000001859,2025-04-21T19:25:27.619156,-99.443924,-72.82769,1.7150882,0.0,0.02088803995336947,0.10981845110654831,3.067807882335451,-99.98248,0,-99.608765,0.8571354746818542,3,3
6,2437.000000001862,2025-04-21T19:25:27.805851,-87.41208,-61.945877,9.667358,0.7659574468085106,0.6558014334963916,1.413220763206482,1.766528424611439,-97.55477,7,-90.706535,0.11187678575515747,3,1
6,2437.000000001862,2025-04-21T19:25:28.501747,-93.87968,-68.54872,8.735983,0.7659574468085106,0.29293854807534214,0.5972850918769836,1.6534601178348285,-99.9678,5,-97.92939,0.12097050994634628,3,2
6,2437.000000001862,2025-04-21T19:25:29.180023,-91.838806,-63.38062,8.941255,0.3191489361702128,0.23645492983600425,1.412811279296875,3.038685912972935,-99.30818,6,-95.67224,0.11856165528297424,3,3
7,2442.0000000018617,2025-04-21T19:25:29.353171,-94.282425,-62.73115,8.17591,0.18181818181818182,0.1323523334534623,1.3683054447174072,4.081196701652031,-99.88953,5,-98.57404,0.12470711767673492,3,1
7,2442.0000000018617,2025-04-21T19:25:30.035865,-99.77047,-77.26195,0.9685826,0.0,0.012138897744590973,0.07595885545015335,3.7955829985000182,-99.986824,0,-99.94924,0.9548956155776978,3,2
7,2442.0000000018617,2025-04-21T19:25:30.721578,-94.122025,-61.472206,8.361009,0.23404255319148937,0.19638256777014193,1.4132206439971924,3.4813373379136965,-99.74068,4,-99.01855,0.09124519675970078,3,3
8,2447.00000000186,2025-04-21T19:25:30.914670,-98.04457,-77.03612,3.4880872,0.0,0.039115900669089945,0.23647749423980713,3.070913378566751,-99.97794,0,-96.144035,0.6261235475540161,3,1
8,2447.00000000186,2025-04-21T19:25:31.593942,-99.55426,-84.8093,1.1868107,0.0,0.017692489140621562,0.08718721568584442,3.3735499793614188,-99.98044,0,-99.942795,0.9495688676834106,3,2
8,2447.00000000186,2025-04-21T19:25:32.260522,-96.97794,-65.44052,5.4971356,0.0,0.16555904122656168,0.37720292806625366,2.0437821920050694,-99.89523,2,-99.41583,0.20628081262111664,3,3
9,2452.000000001859,2025-04-21T19:25:32.437788,-99.918564,-94.67261,0.09530476,0.0,0.0069971896630304274,0.32452279329299927,36.82552285413597,-99.984856,0,-99.898964,0.9997533559799194,3,1
9,2452.000000001859,2025-04-21T19:25:33.108036,-98.184875,-77.04251,3.2422972,0.0,0.03251158766414307,0.240474671125412,3.445657774272355,-99.98699,0,-96.62135,0.6762949228286743,3,2
9,2452.000000001859,2025-04-21T19:25:33.790994,-99.66947,-71.10025,1.4209397,0.0,0.013093513073799856,0.11925534158945084,3.957906223470201,-99.982445,1,-99.372444,0.880296528339386,3,3
10,2457.000000001862,2025-04-21T19:25:33.969741,-99.66386,-72.367386,1.396777,0.0,0.012327605463536421,0.11992670595645905,4.332959272990757,-99.9826,0,-99.37005,0.8972641825675964,3,1
10,2457.000000001862,2025-04-21T19:25:34.648886,-99.96348,-98.16382,0.022784203,0.0,0.005053306058590045,0.030279291793704033,5.214608797282387,-99.989296,0,-99.9671,0.9999850392341614,3,2
10,2457.000000001862,2025-04-21T19:25:35.327169,-99.96808,-99.554375,0.0114210425,0.0,0.004804524790509621,0.019598890095949173,3.5970726400154645,-99.98876,0,-99.96355,0.9999973773956299,3,3
11,2462.0000000018617,2025-04-21T19:25:35.507693,-99.64426,-80.168915,0.8143292,0.0,0.007571594239131227,0.21714943647384644,10.832407736458718,-99.98581,0,-99.966255,0.9788413047790527,3,1
11,2462.0000000018617,2025-04-21T19:25:36.191445,-99.95148,-88.74099,0.111139536,0.0,0.0053886074442591105,0.03189241886138916,4.789074977546081,-99.98912,0,-99.96527,0.9996426701545715,3,2
11,2462.0000000018617,2025-04-21T19:25:36.878600,-99.95009,-87.00428,0.10596423,0.0,0.005696065832686315,0.03209497407078743,4.638347187227768,-99.98838,0,-99.96958,0.9996692538261414,3,3
1,2412.000000001859,2025-04-21T19:25:53.237809,-93.818436,-63.412613,6.2547655,0.0425531914893617,0.05108695400223714,1.398911476135254,6.246650056841404,-99.76539,4,-92.74227,0.3091365694999695,4,1
1,2412.000000001859,2025-04-21T19:25:53.930672,-99.97806,-98.60779,0.011614068,0.0,0.003976149339202448,0.015900401398539543,3.530172037768667,-99.99144,0,-99.97389,0.9999973177909851,4,2
1,2412.000000001859,2025-04-21T19:25:54.615487,-95.27751,-72.47876,7.1145496,0.46808510638297873,0.14182641285381867,0.5199794173240662,2.329559614875934,-99.98782,4,-98.85122,0.21817806363105774,4,3
2,2417.000000001862,2025-04-21T19:25:54.792675,-86.089676,-61.803394,7.049492,0.23404255319148937,0.273611621101747,1.4132206439971924,2.516123566681011,-96.674255,9,-82.69807,0.30833467841148376,4,1
2,2417.000000001862,2025-04-21T19:25:55.464534,-92.122665,-62.269558,8.911357,0.6170212765957447,0.30782821235131563,1.2967500686645508,2.9881992478701203,-99.852844,5,-86.99061,0.12844789028167725,4,2
2,2417.000000001862,2025-04-21T19:25:56.157971,-99.96827,-98.34069,0.02993185,0.0,0.004678690423555657,0.02100313827395439,3.888461694292766,-99.991615,0,-99.97838,0.9999777674674988,4,3
3,2422.0000000018617,2025-04-21T19:25:56.354177,-95.58453,-64.35852,6.112134,0.045454545454545456,0.046653205836307984,1.2269998788833618,6.892329136541997,-99.97255,4,-91.599205,0.28634005784988403,4,1
3,2422.0000000018617,2025-04-21T19:25:57.040064,-94.82822,-70.461555,6.6376076,0.26666666666666666,0.1102060004361055,0.5344076156616211,2.551196706164628,-99.9887,4,-91.35603,0.2828907370567322,4,2
3,2422.0000000018617,2025-04-21T19:25:57.733518,-99.786224,-75.60866,0.7767615,0.0,0.011399892503438416,0.08039498329162598,4.487825465680198,-99.9905,0,-99.674614,0.9692364931106567,4,3
4,2427.00000000186,2025-04-21T19:25:57.924655,-99.91789,-96.68022,0.08572428,0.0,0.007440553200856616,0.03885035216808319,4.455176914187803,-99.98952,0,-99.92804,0.9998040795326233,4,1
4,2427.00000000186,2025-04-21T19:25:58.612914,-93.3065,-69.90332,8.102586,0.6170212765957447,0.23962192465774607,0.5569054484367371,1.7843589374261328,-99.98902,5,-86.955086,0.1834184229373932,4,2
4,2427.00000000186,2025-04-21T19:25:59.296122,-99.8006,-75.73183,0.5121626,0.0,0.011254736866909214,0.08217871189117432,5.363875288482925,-99.98559,0,-99.73435,0.9888724684715271,4,3
5,2432.000000001859,2025-04-21T19:25:59.484854,-94.096756,-69.17672,7.4931397,0.3829787234042553,0.16188880213608978,0.5663041472434998,2.117391916912673,-99.95963,5,-94.063705,0.2026209980249405,4,1
5,2432.000000001859,2025-04-21T19:26:00.163943,-93.31224,-62.79819,8.457706,0.2765957446808511,0.18612270219951657,1.1835922002792358,3.2674294913414594,-99.91953,5,-94.04026,0.13888922333717346,4,2
5,2432.000000001859,2025-04-21T19:26:00.844679,-99.61381,-73.959694,0.919051,0.0,0.012446512149481361,0.11603905260562897,4.869115874237302,-99.98698,0,-99.60925,0.9630208611488342,4,3
6,2437.000000001862,2025-04-21T19:26:01.034066,-99.4519,-71.85498,1.5287889,0.0,0.019900949084185025,0.11712431162595749,3.5923173463497897,-99.987595,0,-99.794685,0.8866404891014099,4,1
6,2437.000000001862,2025-04-21T19:26:01.715979,-99.60661,-71.50099,1.3508397,0.0,0.015269168154228605,0.10774237662553787,3.6245042511673686,-99.98703,1,-99.9345,0.9050858020782471,4,2
6,2437.000000001862,2025-04-21T19:26:02.407041,-94.36908,-61.771805,8.510221,0.23404255319148937,0.1589410790513842,1.1922528743743896,3.3381545141852658,-99.9202,4,-98.83623,0.10978751629590988,4,3
7,2442.0000000018617,2025-04-21T19:26:02.605537,-99.86095,-96.90826,0.17870899,0.0,0.010225713118742942,0.038597509264945984,3.349586920764559,-99.98682,0,-99.77806,0.9991292357444763,4,1
7,2442.0000000018617,2025-04-21T19:26:03.276644,-97.02876,-66.68444,5.7700515,0.23404255319148937,0.09212037229915933,1.2356646060943604,6.581809389228451,-99.97592,2,-99.48124,0.20827984809875488,4,2
7,2442.0000000018617,2025-04-21T19:26:03.945807,-96.53688,-67.45895,6.506359,0.6595744680851063,0.18585094194089963,0.4120563864707947,1.9048813305447607,-99.97576,3,-99.816734,0.1746319979429245,4,3
8,2447.00000000186,2025-04-21T19:26:04.143424,-99.68607,-84.00746,0.39186186,0.0,0.009529869070041165,0.2625993490219116,14.578469195456274,-99.97717,0,-99.43619,0.9956809282302856,4,1
8,2447.00000000186,2025-04-21T19:26:04.824764,-99.876175,-96.191246,0.16179396,0.0,0.00951514886626115,0.041319213807582855,3.816755553274487,-99.98312,0,-99.811905,0.9992833137512207,4,2
8,2447.00000000186,2025-04-21T19:26:05.503765,-99.6319,-72.25435,1.4441117,0.0,0.013949492823418874,0.1170552670955658,3.9731721534114666,-99.97576,0,-99.31607,0.8895718455314636,4,3
9,2452.000000001859,2025-04-21T19:26:05.682056,-99.88264,-96.197975,0.13180946,0.0,0.009093390248699646,0.040681760758161545,3.840473684366654,-99.97191,0,-99.869316,0.9995261430740356,4,1
9,2452.000000001859,2025-04-21T19:26:06.363142,-99.381004,-72.42057,1.9560091,0.0,0.026223807181723176,0.14029864966869354,3.266217167390689,-99.98711,1,-98.79909,0.7791417837142944,4,2
9,2452.000000001859,2025-04-21T19:26:07.043993,-99.485535,-70.36871,1.9610611,0.0,0.024830052826659094,0.12491098046302795,2.8281245008264237,-99.98613,1,-99.04848,0.7596476078033447,4,3
10,2457.000000001862,2025-04-21T19:26:07.867585,-99.89345,-95.31407,0.12422363,0.0,0.00855975823448159,0.044879116117954254,4.496076136723691,-99.98583,0,-99.93967,0.9995825290679932,4,2
10,2457.000000001862,2025-04-21T19:26:08.550082,-96.886696,-70.64157,5.18299,0.02127659574468085,0.10385485967597118,0.3295241892337799,2.4837300979837607,-99.98771,2,-97.53,0.37771105766296387,4,3
11,2462.0000000018617,2025-04-21T19:26:08.733093,-98.4836,-71.23602,2.8551297,0.0,0.03160071812848994,0.2188563048839569,3.687323396487469,-99.98743,0,-99.88976,0.7334043383598328,4,1
11,2462.0000000018617,2025-04-21T19:26:09.401524,-99.94831,-98.103645,0.0744775,0.0,0.006100462098865558,0.02903825417160988,4.161255761252245,-99.98957,0,-99.95513,0.9998494982719421,4,2
11,2462.0000000018617,2025-04-21T19:26:10.084472,-99.92389,-84.34628,0.21046294,0.0,0.006951773012485114,0.042107678949832916,4.798209556549377,-99.9817,0,-99.94886,0.9985511302947998,4,3
1,2412.000000001859,2025-04-21T19:26:26.437675,-98.8051,-74.795395,2.550862,0.0425531914893617,0.01763160152140885,0.3857021629810333,7.112656214350678,-99.98987,0,-99.86043,0.766059398651123,5,1
1,2412.000000001859,2025-04-21T19:26:27.119059,-99.65775,-74.66606,1.1853206,0.0,0.013951540784827316,0.0841829776763916,3.347893693954404,-99.99145,0,-99.773346,0.9349511861801147,5,2
1,2412.000000001859,2025-04-21T19:26:27.796381,-94.38933,-65.12839,7.6054325,0.11363636363636363,0.09076981593368312,1.2231947183609009,4.4826023469137235,-99.97019,4,-93.315506,0.17546962201595306,5,3
2,2417.000000001862,2025-04-21T19:26:27.986973,-99.832214,-77.62788,0.65716577,0.0,0.008985145270053575,0.06691817939281464,4.401063083143757,-99.99145,0,-99.72688,0.982940673828125,5,1
2,2417.000000001862,2025-04-21T19:26:28.669222,-99.77398,-76.37659,0.93121696,0.0,0.011242453098098189,0.07457678020000458,3.7553816489485414,-99.991135,0,-99.61386,0.9601759910583496,5,2
2,2417.000000001862,2025-04-21T19:26:29.348557,-84.19559,-61.89732,7.3839154,0.38636363636363635,0.4483534955829648,1.413242220878601,1.9602028577972854,-95.732994,13,-80.65403,0.2869111895561218,5,3
3,2422.0000000018617,2025-04-21T19:26:29.526373,-99.845116,-75.599304,0.57088894,0.0,0.008996911971114324,0.07519842684268951,5.3458402939511585,-99.98805,0,-99.791626,0.9844202399253845,5,1
3,2422.0000000018617,2025-04-21T19:26:30.204787,-82.5463,-60.493694,8.405081,0.7659574468085106,0.8985467624803558,1.4132208824157715,1.34818824254395,-94.429474,11,-75.77431,0.20055587589740753,5,2
3,2422.0000000018617,2025-04-21T19:26:30.887436,-94.45709,-63.78593,7.223569,0.10638297872340426,0.08654369294369872,1.2492767572402954,4.851171646040522,-99.93189,4,-89.53656,0.20090597867965698,5,3
4,2427.00000000186,2025-04-21T19:26:31.068396,-99.91325,-97.97509,0.0896409,0.0,0.007831121296697623,0.05964253097772598,6.584787038825127,-99.98975,0,-99.9107,0.9997847080230713,5,1
4,2427.00000000186,2025-04-21T19:26:31.753798,-86.91843,-62.952522,7.633961,0.7021276595744681,0.43051780870570505,1.4123586416244507,2.407951944082096,-97.64234,8,-84.27432,0.2402586191892624,5,2
4,2427.00000000186,2025-04-21T19:26:32.420165,-99.93645,-97.84018,0.05748454,0.0,0.0066986757763037846,0.06511107832193375,8.286722426474695,-99.98807,0,-99.949814,0.9999113082885742,5,3
5,2432.000000001859,2025-04-21T19:26:32.607407,-99.54448,-71.262856,1.3426073,0.0,0.017503703073207966,0.12063435465097427,3.96080857590199,-99.97963,0,-99.7272,0.9077473878860474,5,1
5,2432.000000001859,2025-04-21T19:26:33.278449,-99.60157,-78.44353,0.9107505,0.0,0.01820628231859462,0.086796835064888,3.692202835981148,-99.981995,0,-99.44051,0.9651032090187073,5,2
5,2432.000000001859,2025-04-21T19:26:33.960135,-99.89263,-97.40558,0.12706359,0.0,0.008722066787807533,0.035292547196149826,3.5216361268958107,-99.98411,0,-99.85219,0.9995638132095337,5,3
6,2437.000000001862,2025-04-21T19:26:34.129038,-99.39467,-68.603745,1.9302392,0.0,0.024605114548294633,0.15713582932949066,3.5187073518082617,-99.98361,1,-99.652504,0.7628233432769775,5,1
6,2437.000000001862,2025-04-21T19:26:34.796222,-99.59729,-74.11055,1.0834515,0.0,0.014594889910558288,0.13316896557807922,5.443723370429585,-99.98754,0,-99.80044,0.9502716660499573,5,2
6,2437.000000001862,2025-04-21T19:26:35.467140,-94.47186,-68.17389,7.276314,0.425531914893617,0.1610830060332628,0.66656893491745,2.6626594167946105,-99.97405,6,-98.34976,0.21325497329235077,5,3
7,2442.0000000018617,2025-04-21T19:26:35.639262,-99.61827,-77.40527,1.0000281,0.0,0.017673807435046093,0.08878006041049957,3.6720528889205113,-99.987404,0,-99.77032,0.9568929672241211,5,1
7,2442.0000000018617,2025-04-21T19:26:36.339218,-99.60271,-73.82982,1.1795301,0.0,0.014040039831618417,0.12719984352588654,5.04363104850929,-99.98752,0,-99.24193,0.9374249577522278,5,2
7,2442.0000000018617,2025-04-21T19:26:37.010404,-94.10307,-63.490353,7.5885034,0.14893617021276595,0.14069326684830036,1.408914566040039,4.25930662233427,-99.50537,3,-98.20774,0.13258402049541473,5,3
8,2447.00000000186,2025-04-21T19:26:37.185092,-99.90842,-97.05166,0.084374934,0.0,0.007827242959204417,0.03506012633442879,3.791270430230798,-99.98444,0,-99.874054,0.9998095035552979,5,1
8,2447.00000000186,2025-04-21T19:26:37.859862,-99.17472,-70.55169,2.0218453,0.0,0.026252141317951304,0.1893860548734665,4.223843491314967,-99.979256,1,-99.215706,0.8131829500198364,5,2
8,2447.00000000186,2025-04-21T19:26:38.546906,-98.99658,-82.285385,2.3823588,0.0,0.047004625657025505,0.10084619373083115,2.0035573416070203,-99.97796,0,-99.82046,0.7700870633125305,5,3
9,2452.000000001859,2025-04-21T19:26:39.367590,-99.56826,-68.776596,1.6841862,0.0,0.016488532937146763,0.15097413957118988,4.116566559774026,-99.98559,1,-99.23129,0.8247529864311218,5,2
9,2452.000000001859,2025-04-21T19:26:40.049797,-99.5019,-69.7341,1.4544094,0.0,0.019766963229459873,0.14225389063358307,4.410506477484152,-99.98608,1,-99.081696,0.8887043595314026,5,3
10,2457.000000001862,2025-04-21T19:26:40.230602,-99.89866,-97.506035,0.11289147,0.0,0.008532093692233674,0.032430846244096756,3.32414611649782,-99.98772,0,-99.91607,0.9996578097343445,5,1
10,2457.000000001862,2025-04-21T19:26:40.920250,-99.63603,-74.10262,1.4144992,0.0,0.013802740063625522,0.1241094097495079,4.243083503065651,-99.98771,0,-99.34816,0.9020916819572449,5,2
10,2457.000000001862,2025-04-21T19:26:41.612372,-99.53676,-70.24293,1.8240448,0.0,0.01936901271236984,0.12481211125850677,3.248117316004906,-99.9879,1,-99.1598,0.8070042133331299,5,3
11,2462.0000000018617,2025-04-21T19:26:41.786861,-99.400925,-70.71242,1.864954,0.0,0.018267167390136584,0.12587255239486694,3.3814887553168527,-99.989586,0,-99.29756,0.836193323135376,5,1
11,2462.0000000018617,2025-04-21T19:26:42.452293,-99.57292,-71.16403,1.596451,0.0,0.018132048186332822,0.1274523288011551,3.672984833361215,-99.98784,1,-99.9722,0.8528910279273987,5,2
11,2462.0000000018617,2025-04-21T19:26:43.117953,-99.65464,-70.76994,1.4225526,0.0,0.013384062944249035,0.11704174429178238,4.026540536056953,-99.98936,0,-99.970955,0.8917557597160339,5,3
1,2412.000000001859,2025-04-21T19:26:46.850148,-91.77867,-62.42424,10.271009,0.5217391304347826,0.41582563818263274,1.1989004611968994,2.0035807821061162,-99.95283,6,-90.43357,0.07312026619911194,6,1
1,2412.000000001859,2025-04-21T19:26:47.536007,-99.86122,-76.38351,0.673639,0.0,0.007306401437155445,0.06056206673383713,4.127723695402977,-99.99188,0,-99.97993,0.9802485108375549,6,2
1,2412.000000001859,2025-04-21T19:26:48.210142,-99.86396,-77.30754,0.6470587,0.0,0.00728554045303593,0.06255632638931274,4.298839264946629,-99.991745,0,-99.978874,0.9827539920806885,6,3
2,2417.000000001862,2025-04-21T19:26:48.383955,-99.658005,-74.49799,1.1078964,0.0,0.013102725833495033,0.07639385014772415,3.198210873545348,-99.99045,0,-99.80874,0.9450972080230713,6,1
2,2417.000000001862,2025-04-21T19:26:49.048662,-99.76211,-75.579926,1.0308046,0.0,0.010781884474975327,0.07718943059444427,3.644435958467985,-99.990715,0,-99.97314,0.9509537816047668,6,2
2,2417.000000001862,2025-04-21T19:26:49.722229,-96.5238,-71.68387,5.422842,0.14893617021276595,0.052058434277511806,0.5382192730903625,3.9104936808475967,-99.989845,2,-99.286476,0.38068845868110657,6,3
3,2422.0000000018617,2025-04-21T19:26:49.894688,-91.82184,-63.081074,6.8582993,0.06382978723404255,0.07399919723340458,1.408334493637085,4.893054780248815,-99.30629,6,-86.54685,0.2822847366333008,6,1
3,2422.0000000018617,2025-04-21T19:26:50.562713,-99.81027,-80.65136,0.69573265,0.0,0.00912254672772595,0.06514980643987656,4.013793890781001,-99.986404,0,-99.70979,0.9818921089172363,6,2
3,2422.0000000018617,2025-04-21T19:26:51.230147,-87.31373,-61.043434,7.9442396,0.23404255319148937,0.28118031708260205,1.413220763206482,2.4439953159233068,-97.70302,8,-81.00379,0.21933768689632416,6,3
4,2427.00000000186,2025-04-21T19:26:51.420652,-94.811386,-68.51342,6.9296703,0.3829787234042553,0.13349509343635454,0.4753842055797577,2.1297084908683934,-99.98516,4,-90.680756,0.24433687329292297,6,1
4,2427.00000000186,2025-04-21T19:26:52.097040,-99.96045,-92.73967,0.030758565,0.0,0.00529212411924692,0.06491343677043915,9.773175954251323,-99.98983,0,-99.95493,0.9999752044677734,6,2
4,2427.00000000186,2025-04-21T19:26:52.783942,-90.71094,-62.626854,10.121187,0.6136363636363636,0.48491941278206047,1.2671010494232178,1.9273636559139657,-99.81813,7,-85.97835,0.07788709551095963,6,3
5,2432.000000001859,2025-04-21T19:26:52.963723,-99.64088,-77.11828,1.1363544,0.0,0.013588445396486997,0.09746206551790237,3.965316730668086,-99.98352,0,-99.594894,0.948533833026886,6,1
5,2432.000000001859,2025-04-21T19:26:53.642366,-99.80992,-76.65328,0.85124844,0.0,0.010084748746239566,0.06422621756792068,3.576932161432475,-99.98378,0,-99.65033,0.9636005759239197,6,2
5,2432.000000001859,2025-04-21T19:26:54.321026,-92.96965,-62.53257,9.351833,0.29545454545454547,0.2342285439079883,1.1833635568618774,2.6450422359604544,-99.93548,5,-93.89803,0.09758251905441284,6,3
6,2437.000000001862,2025-04-21T19:26:54.508778,-99.84749,-81.925385,0.57254624,0.0,0.008091184821385466,0.06833640486001968,5.094758990735209,-99.98793,0,-99.93856,0.9882680177688599,6,1
6,2437.000000001862,2025-04-21T19:26:55.187712,-99.49063,-70.53931,1.3829478,0.0,0.02087685253205377,0.13058890402317047,4.198056872613261,-99.98416,0,-99.656494,0.9080014824867249,6,2
6,2437.000000001862,2025-04-21T19:26:55.853022,-92.508606,-62.525234,10.387978,0.7659574468085106,0.47756171754662774,1.1902025938034058,1.9285758054320363,-99.89892,6,-98.30478,0.0578610934317112,6,3
7,2442.0000000018617,2025-04-21T19:26:56.028525,-99.74869,-76.685196,1.0674238,0.0,0.014174508461616017,0.07002685219049454,3.04900704452865,-99.987274,0,-99.93758,0.9368155002593994,6,1
7,2442.0000000018617,2025-04-21T19:26:56.697974,-98.801636,-56.523376,4.4716663,0.0,0.11172665270557491,0.6675848364830017,2.7314345565243108,-99.9866,2,-99.25788,0.08419639617204666,6,2
7,2442.0000000018617,2025-04-21T19:26:57.363320,-99.60487,-71.21829,1.4168663,0.0,0.014271982361686494,0.11774427443742752,3.9249623706865115,-99.986885,1,-99.3916,0.8921819925308228,6,3
8,2447.00000000186,2025-04-21T19:26:57.551278,-99.74349,-71.36554,1.1205547,0.0,0.00932939890080509,0.12050018459558487,5.402951420516694,-99.98724,0,-99.514915,0.9355030059814453,6,1
8,2447.00000000186,2025-04-21T19:26:58.236556,-99.57439,-69.738556,1.7671437,0.0,0.016642345425283905,0.11841166764497757,3.3139082611561483,-99.98422,1,-99.18174,0.8265028595924377,6,2
8,2447.00000000186,2025-04-21T19:26:58.908212,-99.958084,-96.38305,0.023654263,0.0,0.005452239448744703,0.0268735121935606,4.318747645388971,-99.98422,0,-99.94708,0.9999852776527405,6,3
9,2452.000000001859,2025-04-21T19:26:59.090407,-99.679794,-70.235596,1.3855096,0.0,0.012708860334874592,0.11819151788949966,3.9860870227068954,-99.98733,0,-99.387856,0.8923580646514893,6,1
9,2452.000000001859,2025-04-21T19:26:59.781353,-99.66635,-70.57622,1.4218571,0.0,0.012688582561192136,0.11994516104459763,4.060878147273486,-99.98728,1,-99.36404,0.8853564858436584,6,2
9,2452.000000001859,2025-04-21T19:27:00.460035,-99.44043,-69.63176,1.6723365,0.0,0.021322956799366695,0.13973215222358704,3.9868551180710075,-99.98692,1,-98.92371,0.8523489236831665,6,3
10,2457.000000001862,2025-04-21T19:27:00.642982,-99.67636,-70.917984,1.3860766,0.0,0.012688745316436602,0.1182897612452507,4.065462848033088,-99.98908,1,-99.392426,0.8894792795181274,6,1
10,2457.000000001862,2025-04-21T19:27:01.308323,-99.96906,-99.46066,0.01276167,0.0,0.004730929470977338,0.01811804436147213,3.3873419905147784,-99.98895,0,-99.9676,0.9999964833259583,6,2
10,2457.000000001862,2025-04-21T19:27:01.978546,-98.20971,-76.381,3.2758293,0.0,0.03237625900755592,0.23391374945640564,3.3371374668997698,-99.98902,0,-98.719986,0.6655726432800293,6,3
11,2462.0000000018617,2025-04-21T19:27:02.152816,-99.53191,-69.97206,1.9841794,0.0,0.020662591307558476,0.11646915227174759,2.7719954134132063,-99.99064,1,-99.9716,0.763868510723114,6,1
11,2462.0000000018617,2025-04-21T19:27:02.832255,-99.56319,-70.23045,1.7494439,0.0,0.018049649248786152,0.12055163830518723,3.164484102339049,-99.98733,1,-99.968155,0.8281291723251343,6,2
11,2462.0000000018617,2025-04-21T19:27:03.516633,-99.62471,-69.23603,1.5602573,0.0,0.013059788432576828,0.12444228678941727,3.9681420704390638,-99.989044,1,-99.97225,0.863771915435791,6,3
1,2412.000000001859,2025-04-21T19:27:21.156455,-91.84346,-63.485527,10.167185,0.7659574468085106,0.44312587964022515,1.1787745952606201,2.048183737145583,-99.949326,6,-90.70971,0.07796964049339294,7,1
1,2412.000000001859,2025-04-21T19:27:21.837946,-99.71446,-75.679985,1.0397612,0.0,0.010620775394853474,0.07882996648550034,3.688705236504841,-99.991806,0,-99.88786,0.9532461762428284,7,2
1,2412.000000001859,2025-04-21T19:27:22.520974,-99.878494,-77.22885,0.558354,0.0,0.006059576627558651,0.0694512203335762,5.656429304860487,-99.99152,0,-99.97658,0.9880071878433228,7,3
2,2417.000000001862,2025-04-21T19:27:22.716743,-81.455444,-59.721024,7.565643,0.7659574468085106,0.8650564726163906,1.4132424592971802,1.3961719543249516,-93.478096,13,-77.86374,0.27753838896751404,7,1
2,2417.000000001862,2025-04-21T19:27:23.386421,-97.9259,-71.62558,3.0841393,0.0425531914893617,0.024914613300231182,0.4749961793422699,7.147440199529507,-99.990524,0,-96.51701,0.7157242894172668,7,2
2,2417.000000001862,2025-04-21T19:27:24.052097,-99.81828,-74.80902,0.826783,0.0,0.008656311572269445,0.07521015405654907,4.225310161837325,-99.99169,0,-99.66458,0.9696885347366333,7,3
3,2422.0000000018617,2025-04-21T19:27:24.221065,-99.7305,-75.03495,0.9311331,0.0,0.011507349408165236,0.08108732849359512,4.040609717049647,-99.97894,0,-99.61172,0.9622949361801147,7,1
3,2422.0000000018617,2025-04-21T19:27:24.891603,-98.656586,-55.17804,5.068331,0.0,0.12343267142878922,0.7246253490447998,2.888658011157964,-99.98776,3,-98.41746,0.08186241239309311,7,2
3,2422.0000000018617,2025-04-21T19:27:25.562174,-99.92488,-83.89157,0.3051304,0.0,0.006189429460177539,0.049694955348968506,5.302679910153505,-99.98846,0,-99.97384,0.9969494342803955,7,3
4,2427.00000000186,2025-04-21T19:27:25.741518,-96.08456,-71.53221,5.830505,0.1702127659574468,0.06709344286594383,0.5467302203178406,3.4528097267300386,-99.987076,4,-98.83467,0.3386632800102234,7,1
4,2427.00000000186,2025-04-21T19:27:26.410711,-99.73868,-76.497375,0.7482966,0.0,0.012764170799446344,0.09165628999471664,5.034150144971625,-99.988655,0,-99.69742,0.9770704507827759,7,2
4,2427.00000000186,2025-04-21T19:27:27.090281,-99.75934,-75.27196,0.9251987,0.0,0.011473883643294826,0.08133871853351593,4.007845349803056,-99.98756,0,-99.61027,0.9587938785552979,7,3
5,2432.000000001859,2025-04-21T19:27:27.256101,-99.69524,-74.98721,1.2677786,0.0,0.01502811462011732,0.07921194285154343,3.0045428296099943,-99.98912,0,-99.434364,0.9129675626754761,7,1
5,2432.000000001859,2025-04-21T19:27:27.920633,-99.44224,-73.17894,1.6448957,0.0,0.024015212218165646,0.11701225489377975,3.2730011771589607,-99.98681,1,-99.95137,0.863861620426178,7,2
5,2432.000000001859,2025-04-21T19:27:28.592867,-99.95967,-98.673935,0.023704773,0.0,0.005352946356231091,0.02229858562350273,3.641491394224168,-99.989006,0,-99.9603,0.9999834895133972,7,3
6,2437.000000001862,2025-04-21T19:27:28.775035,-87.43715,-56.57344,9.596032,0.6382978723404256,0.6092555659385239,1.4132208824157715,1.80450496013794,-97.736115,6,-90.32055,0.11674641817808151,7,1
6,2437.000000001862,2025-04-21T19:27:29.450771,-92.880516,-62.893635,9.941664,0.574468085106383,0.3686340696571964,1.2359219789505005,2.2502477773120693,-99.870125,5,-98.41342,0.0668143555521965,7,2
6,2437.000000001862,2025-04-21T19:27:30.136095,-99.687744,-74.64081,1.3209462,0.0,0.014825708375257604,0.08623304963111877,3.20657464358618,-99.98648,0,-99.943436,0.9108949899673462,7,3
7,2442.0000000018617,2025-04-21T19:27:30.312395,-96.09999,-72.63978,5.5138254,0.20454545454545456,0.07418745623340368,0.5142735242843628,3.5019870611399875,-99.97832,3,-98.44279,0.37915149331092834,7,1
7,2442.0000000018617,2025-04-21T19:27:30.989035,-99.77046,-75.553116,0.74933285,0.0,0.01227965875123509,0.07359921187162399,3.897732778834451,-99.98497,0,-99.83947,0.9715327620506287,7,2
7,2442.0000000018617,2025-04-21T19:27:31.656106,-99.839714,-77.01737,0.6701792,0.0,0.008599314602106672,0.06779099255800247,4.560922401822207,-99.987854,0,-99.951775,0.9813153147697449,7,3
8,2447.00000000186,2025-04-21T19:27:31.851936,-99.86372,-90.049095,0.23905909,0.0,0.009040569523050232,0.04387615993618965,3.789702244950472,-99.98375,0,-99.76067,0.9983792304992676,7,1
8,2447.00000000186,2025-04-21T19:27:32.539763,-99.673676,-71.48745,1.3638062,0.0,0.012314473215022782,0.11330326646566391,4.095119889463384,-99.98437,0,-99.380394,0.905200183391571,7,2
8,2447.00000000186,2025-04-21T19:27:33.237655,-93.07429,-70.76385,8.510525,0.7021276595744681,0.27214503900975945,0.5616428852081299,1.6357825807481683,-99.9818,5,-88.18715,0.16193364560604095,7,3
9,2452.000000001859,2025-04-21T19:27:33.420942,-99.816696,-91.87919,0.3680332,0.0,0.010524860092834676,0.04453631117939949,3.227174509897146,-99.98831,0,-99.66583,0.9960275888442993,7,1
9,2452.000000001859,2025-04-21T19:27:34.091960,-99.9386,-97.43869,0.05155708,0.0,0.006378334076841225,0.05030683055520058,6.644641398696414,-99.97697,0,-99.95078,0.9999268651008606,7,2
9,2452.000000001859,2025-04-21T19:27:34.785254,-99.79036,-70.67837,0.9501657,0.0,0.009225321691335615,0.12280011922121048,5.641595484843534,-99.98403,0,-99.6144,0.948631227016449,7,3
10,2457.000000001862,2025-04-21T19:27:34.976824,-99.73,-70.67505,1.1335257,0.0,0.009702533127916422,0.12640780210494995,5.569896503725493,-99.98937,0,-99.48876,0.9327407479286194,7,1
10,2457.000000001862,2025-04-21T19:27:35.644322,-99.96541,-99.6394,0.012706434,0.0,0.00498417694965501,0.020791320130228996,3.6734969155499284,-99.98689,0,-99.96088,0.9999961853027344,7,2
10,2457.000000001862,2025-04-21T19:27:36.325881,-99.70059,-90.74642,0.5984441,0.0,0.0159127111528434,0.04708768427371979,2.5885945363002993,-99.98434,0,-99.74192,0.9890305995941162,7,3
11,2462.0000000018617,2025-04-21T19:27:36.503430,-98.1232,-70.67188,3.316969,0.0,0.039192324957297,0.3221736252307892,4.470796720045958,-99.98813,1,-99.57212,0.6600003242492676,7,1
11,2462.0000000018617,2025-04-21T19:27:37.184714,-99.9638,-87.66872,0.07317382,0.0,0.004844264512664833,0.030729403719305992,5.19462400463705,-99.9887,0,-99.97222,0.9998458623886108,7,2
11,2462.0000000018617,2025-04-21T19:27:37.846896,-99.86365,-83.85391,0.5389775,0.0,0.009838194781233708,0.0434425063431263,3.3370863771102592,-99.98943,0,-99.96349,0.9891560673713684,7,3
1,2412.000000001859,2025-04-21T19:27:54.809683,-99.982155,-97.92916,0.008534536,0.0,0.0035907041593845257,0.014676480554044247,3.6114864401473574,-99.9919,0,-99.98194,0.9999969601631165,8,2
1,2412.000000001859,2025-04-21T19:27:55.479903,-99.66193,-73.89058,1.5021043,0.0,0.015146776582481565,0.09155819565057755,2.974050158443633,-99.9915,1,-99.63448,0.875119149684906,8,3
2,2417.000000001862,2025-04-21T19:27:55.655795,-93.260376,-69.48577,8.214413,0.7659574468085106,0.26730356276109907,0.5521804690361023,1.6708076639736864,-99.98767,5,-88.60467,0.16582685708999634,8,1
2,2417.000000001862,2025-04-21T19:27:56.337299,-99.74134,-72.27342,1.1131355,0.0,0.01038286960468125,0.09671735763549805,4.311437929367963,-99.99073,0,-99.95536,0.9374697208404541,8,2
2,2417.000000001862,2025-04-21T19:27:57.026261,-99.7516,-73.08197,0.8893894,0.0,0.008813848359215792,0.08611549437046051,4.548851747038419,-99.99083,0,-99.79498,0.9663919806480408,8,3
3,2422.0000000018617,2025-04-21T19:27:57.223383,-84.58414,-60.48605,8.383033,0.48936170212765956,0.5673438191563077,1.411561369895935,1.7083482633558829,-95.785675,9,-77.85063,0.19999442994594574,8,1
3,2422.0000000018617,2025-04-21T19:27:57.903344,-87.43574,-60.5381,8.101421,0.23404255319148937,0.2784367535429594,1.413220763206482,2.455441670613884,-97.77627,7,-80.996315,0.2147488296031952,8,2
3,2422.0000000018617,2025-04-21T19:27:58.572559,-99.89487,-90.51193,0.25753778,0.0,0.0075441434575360565,0.042109839618206024,4.0887655689810005,-99.98858,0,-99.97051,0.9980781674385071,8,3
4,2427.00000000186,2025-04-21T19:27:58.738264,-99.93405,-95.51621,0.09165904,0.0,0.0067084556129210484,0.02941351942718029,3.7280997727727554,-99.983894,0,-99.96308,0.9997708201408386,8,1
4,2427.00000000186,2025-04-21T19:27:59.416887,-99.96471,-99.30818,0.014094041,0.0,0.005053592623399107,0.021187687292695045,3.7042396385813037,-99.98564,0,-99.96771,0.9999929070472717,8,2
4,2427.00000000186,2025-04-21T19:28:00.094228,-99.8147,-76.275055,0.6829802,0.0,0.010000764697006856,0.07115001231431961,4.36007885216819,-99.98469,0,-99.71707,0.9798777103424072,8,3
5,2432.000000001859,2025-04-21T19:28:00.271810,-94.75389,-63.007957,7.152404,0.0851063829787234,0.07986815956467433,1.1807941198349,4.812405292138801,-99.947914,4,-95.83198,0.20665264129638672,8,1
5,2432.000000001859,2025-04-21T19:28:00.962643,-99.674934,-74.96501,1.1115248,0.0,0.011813163538500324,0.0999496653676033,4.367724856047691,-99.98771,0,-99.75725,0.9450018405914307,8,2
5,2432.000000001859,2025-04-21T19:28:01.639982,-99.6657,-73.16537,1.1266168,0.0,0.013884686468838153,0.10152930021286011,4.0931663302638865,-99.988396,0,-99.59216,0.9401047825813293,8,3
6,2437.000000001862,2025-04-21T19:28:01.815490,-99.5708,-70.46098,1.4202924,0.0,0.01742046772563363,0.11882014572620392,3.791477848828182,-99.98573,0,-99.92101,0.8930603265762329,8,1
6,2437.000000001862,2025-04-21T19:28:02.496720,-94.736374,-63.310806,7.4832706,0.13636363636363635,0.10376760148959577,1.3126192092895508,4.7174149718954625,-99.89483,4,-98.88314,0.16371029615402222,8,2
6,2437.000000001862,2025-04-21T19:28:03.177914,-93.53981,-62.69812,8.966532,0.3111111111111111,0.21450492591899464,1.295926570892334,3.060024337948995,-99.86014,5,-98.5883,0.09577692300081253,8,3
7,2442.0000000018617,2025-04-21T19:28:03.347544,-99.770226,-78.93465,0.82454354,0.0,0.012570247731708117,0.06506605446338654,3.5089970005593494,-99.9873,0,-99.8918,0.9711735844612122,8,1
7,2442.0000000018617,2025-04-21T19:28:04.022396,-91.15501,-60.023827,9.800305,0.7659574468085106,0.6469051685142279,1.4131991863250732,1.8914820486764534,-99.270164,6,-97.162186,0.054188504815101624,8,2
7,2442.0000000018617,2025-04-21T19:28:04.694927,-99.73894,-69.94861,1.1070744,0.0,0.012372547286124741,0.12153661996126175,4.851701322690704,-99.98753,1,-99.50404,0.9137022495269775,8,3
8,2447.00000000186,2025-04-21T19:28:04.879659,-96.51183,-68.78644,5.864119,0.02127659574468085,0.17672072596782737,0.4965546727180481,2.407446675838085,-99.8637,4,-98.96782,0.19044874608516693,8,1
8,2447.00000000186,2025-04-21T19:28:05.548898,-99.68022,-85.272415,0.85638475,0.0,0.013182055189254437,0.08069682866334915,3.9567632019145895,-99.981094,0,-99.93978,0.9750536680221558,8,2
8,2447.00000000186,2025-04-21T19:28:06.233506,-99.94294,-96.744156,0.039766703,0.0,0.00631679898756566,0.029249688610434532,4.007087685423352,-99.98174,0,-99.92255,0.9999580383300781,8,3
9,2452.000000001859,2025-04-21T19:28:06.412996,-99.730194,-74.45439,1.0110612,0.0,0.010600586329393702,0.11676423996686935,5.346394980625522,-99.983574,0,-99.53888,0.9552515745162964,8,1
9,2452.000000001859,2025-04-21T19:28:07.093478,-99.77316,-69.39847,1.0226617,0.0,0.0094293146069765,0.12361723184585571,5.683316268443165,-99.988144,0,-99.57583,0.9345173239707947,8,2
9,2452.000000001859,2025-04-21T19:28:07.778011,-99.65309,-72.80288,1.4464431,0.0,0.012727003123395185,0.1175188273191452,4.042100851969131,-99.98713,0,-99.34256,0.8931728005409241,8,3
10,2457.000000001862,2025-04-21T19:28:07.969359,-99.668724,-70.763916,1.4134903,0.0,0.01219131998783059,0.11654460430145264,4.113645751081152,-99.989716,0,-99.36694,0.8972367644309998,8,1
10,2457.000000001862,2025-04-21T19:28:08.658233,-99.968765,-99.40461,0.013714262,0.0,0.004748948047098439,0.020736081525683403,3.8548771313654586,-99.98895,0,-99.96796,0.9999948740005493,8,2
10,2457.000000001862,2025-04-21T19:28:09.341001,-99.778076,-70.02904,1.0213897,0.0,0.008453870977734925,0.11128602921962738,5.36688227585891,-99.98943,0,-99.58308,0.9427587985992432,8,3
11,2462.0000000018617,2025-04-21T19:28:09.525094,-99.79538,-70.46859,1.0304452,0.0,0.009672442401258334,0.10668666660785675,4.610197238053905,-99.98915,1,-99.96996,0.923618733882904,8,1
11,2462.0000000018617,2025-04-21T19:28:10.217266,-99.777245,-71.46087,0.8810017,0.0,0.010083382986066338,0.10995765775442123,5.37807166455141,-99.98122,0,-99.95502,0.9589501619338989,8,2
11,2462.0000000018617,2025-04-21T19:28:10.903248,-99.736084,-70.615814,1.0826687,0.0,0.010856897233176042,0.1095830649137497,4.6915017145722455,-99.98692,0,-99.96898,0.9336479306221008,8,3
1,2412.000000001859,2025-04-21T19:28:27.081055,-91.33751,-61.460804,7.317432,0.10638297872340426,0.12704212312952995,1.4132206439971924,4.007543132181791,-99.29439,7,-90.17194,0.23181834816932678,9,1
1,2412.000000001859,2025-04-21T19:28:27.749758,-99.67069,-78.50501,1.076936,0.0,0.012724605927529015,0.09024517238140106,4.127954496135276,-99.991356,0,-99.84902,0.9520529508590698,9,2
1,2412.000000001859,2025-04-21T19:28:28.427156,-91.26139,-61.993484,10.792122,0.6170212765957447,0.5118189333277938,1.2694392204284668,1.854700663198339,-99.9157,6,-89.90952,0.06316951662302017,9,3
2,2417.000000001862,2025-04-21T19:28:28.608819,-86.75169,-62.705883,7.1295433,0.20454545454545456,0.2316946682658,1.4130268096923828,2.71026718920243,-97.44757,9,-83.20505,0.3008561432361603,9,1
2,2417.000000001862,2025-04-21T19:28:29.277696,-99.834274,-78.45629,0.71017426,0.0,0.008780322526794632,0.06439588963985443,4.0257895421888295,-99.99131,0,-99.69615,0.9800310134887695,9,2
2,2417.000000001862,2025-04-21T19:28:29.962777,-99.75995,-75.826454,0.86339206,0.0,0.01038443271348911,0.072233185172081,3.6992178158749827,-99.990135,0,-99.714424,0.9683951139450073,9,3
3,2422.0000000018617,2025-04-21T19:28:30.151966,-99.67821,-73.69237,1.4083194,0.0,0.014676284193246625,0.08854113519191742,3.1140600803248164,-99.990135,0,-99.380745,0.8926418423652649,9,1
3,2422.0000000018617,2025-04-21T19:28:30.824483,-99.79587,-77.6953,0.77857256,0.0,0.008656047828872618,0.09048057347536087,5.186072465732431,-99.98448,0,-99.66643,0.9757463335990906,9,2
3,2422.0000000018617,2025-04-21T19:28:31.508113,-82.67403,-60.04278,8.44824,0.9574468085106383,0.9462199263439409,1.4132208824157715,1.34900758995034,-94.69546,10,-75.90093,0.19617129862308502,9,3
4,2427.00000000186,2025-04-21T19:28:31.691885,-99.794846,-76.955536,0.8880359,0.0,0.01052214168338513,0.07042206078767776,3.7916716677179543,-99.99012,0,-99.61859,0.9629438519477844,9,1
4,2427.00000000186,2025-04-21T19:28:32.369797,-99.76899,-75.82956,0.97113013,0.0,0.01129712074623176,0.07332143187522888,3.6960848241037922,-99.98966,0,-99.570145,0.9563986659049988,9,2
4,2427.00000000186,2025-04-21T19:28:33.053633,-88.61711,-61.72709,9.567623,0.5333333333333333,0.47069552241846885,1.4130699634552002,2.062867615308471,-99.121666,7,-85.20758,0.11524614691734314,9,3
5,2432.000000001859,2025-04-21T19:28:33.228870,-99.50528,-71.341835,1.5193285,0.0,0.016793170401213735,0.1131473183631897,3.5201509717214425,-99.98039,0,-99.096016,0.8859335780143738,9,1
5,2432.000000001859,2025-04-21T19:28:33.894213,-88.87537,-62.918884,8.3950615,0.23404255319148937,0.24806215790942354,1.4132206439971924,2.825555182601489,-98.64112,10,-89.373985,0.20722132921218872,9,2
5,2432.000000001859,2025-04-21T19:28:34.582875,-83.688,-61.10787,9.497509,1.0,0.9893030367220574,1.4131993055343628,1.3631481816669475,-95.341194,8,-83.894966,0.15729768574237823,9,3
6,2437.000000001862,2025-04-21T19:28:34.759003,-99.78238,-77.62254,0.7311002,0.0,0.010512226734994355,0.09751327335834503,5.469774536096603,-99.98204,0,-99.9322,0.9788641929626465,9,1
6,2437.000000001862,2025-04-21T19:28:35.424138,-99.498795,-70.27165,1.5746436,0.0,0.018550107018570627,0.13896512985229492,3.7489137997340807,-99.987045,1,-99.890976,0.859018087387085,9,2
6,2437.000000001862,2025-04-21T19:28:36.094318,-92.521866,-63.799576,9.958606,0.5454545454545454,0.37356096722862936,1.265576720237732,2.2561372977676704,-99.828926,5,-97.89134,0.07082008570432663,9,3
7,2442.0000000018617,2025-04-21T19:28:36.282410,-99.63478,-69.91643,1.5317104,0.0,0.013530136059859319,0.12886947393417358,4.072768142053284,-99.98797,1,-99.29773,0.8664343357086182,9,1
7,2442.0000000018617,2025-04-21T19:28:36.959533,-99.30667,-68.16613,2.1572905,0.0,0.023964557341351625,0.14280585944652557,3.0935250403480445,-99.987526,1,-99.22606,0.766496479511261,9,2
7,2442.0000000018617,2025-04-21T19:28:37.630147,-98.787445,-72.05145,1.530164,0.0,0.019529489661237822,0.3544488847255707,8.62966680503507,-99.979034,0,-98.41315,0.9168224334716797,9,3
8,2447.00000000186,2025-04-21T19:28:37.799838,-99.33124,-67.94272,1.9471283,0.0,0.026982677127104476,0.1646135449409485,3.770686479511419,-99.98757,1,-98.691246,0.7804656624794006,9,1
8,2447.00000000186,2025-04-21T19:28:38.469684,-99.336464,-81.95119,1.7541026,0.0,0.02846928894097078,0.08696460723876953,2.4060256432438005,-99.98203,0,-99.933235,0.8772615790367126,9,2
8,2447.00000000186,2025-04-21T19:28:39.140561,-99.47015,-74.47933,1.4134843,0.0,0.02032016175740968,0.13846558332443237,4.602633895128558,-99.98662,0,-98.96949,0.9098155498504639,9,3
9,2452.000000001859,2025-04-21T19:28:39.325484,-99.529335,-73.9445,1.2301984,0.0,0.020137069152701532,0.10982770472764969,3.8667535917237807,-99.985756,0,-99.136055,0.9333674311637878,9,1
9,2452.000000001859,2025-04-21T19:28:40.011043,-99.81391,-74.810265,0.7505667,0.0,0.008441628433039748,0.09620905667543411,5.9885124053031555,-99.985275,0,-99.676796,0.9754877090454102,9,2
9,2452.000000001859,2025-04-21T19:28:40.693082,-99.96558,-98.54096,0.015248207,0.0,0.004982591799313096,0.020432906225323677,3.624766211815044,-99.988396,0,-99.95921,0.9999937415122986,9,3
10,2457.000000001862,2025-04-21T19:28:40.867124,-96.44681,-74.7899,4.9500833,0.23404255319148937,0.0681838364515595,0.33730295300483704,2.6645024929934347,-99.979,1,-94.50294,0.44415202736854553,9,1
10,2457.000000001862,2025-04-21T19:28:41.541018,-99.600525,-70.06862,1.6980938,0.0,0.015423418901640024,0.1257794052362442,3.580452866601289,-99.988914,1,-99.2341,0.8294257521629333,9,2
10,2457.000000001862,2025-04-21T19:28:42.232365,-96.979454,-67.246086,4.5694213,0.11363636363636363,0.06521510103594598,0.40810495615005493,3.589726002792108,-99.988625,2,-96.7553,0.4720284342765808,9,3
11,2462.0000000018617,2025-04-21T19:28:42.400922,-99.89288,-78.79503,0.42858237,0.0,0.006469475798003389,0.06111999601125717,5.563150813233904,-99.98652,0,-99.96933,0.9933012127876282,9,1
11,2462.0000000018617,2025-04-21T19:28:43.088799,-99.56929,-68.90687,1.6123747,0.0,0.014753283716312389,0.12568780779838562,3.8353268766042645,-99.987076,1,-99.96603,0.8578717708587646,9,2
11,2462.0000000018617,2025-04-21T19:28:43.771241,-99.97428,-98.989876,0.010799744,0.0,0.004313152195465381,0.018145963549613953,3.718361668383504,-99.99137,0,-99.973076,0.9999969005584717,9,3
1,2412.000000001859,2025-04-21T19:29:00.183939,-91.26605,-54.5405,9.225927,0.7954545454545454,0.42262308304322593,1.4131991863250732,2.626451935984148,-99.63736,6,-91.13734,0.10006380081176758,10,1
1,2412.000000001859,2025-04-21T19:29:00.848555,-83.38197,-60.518814,8.838079,0.9772727272727273,1.0386113247344413,1.4132205247879028,1.325398881845955,-94.96954,8,-81.99916,0.15995661914348602,10,2
1,2412.000000001859,2025-04-21T19:29:01.551597,-99.77879,-74.612144,0.99799925,0.0,0.00962915894982215,0.08728458732366562,4.1926109503359426,-99.9917,0,-99.966866,0.9491918087005615,10,3
2,2417.000000001862,2025-04-21T19:29:01.739357,-97.41006,-71.2827,3.7666893,0.0425531914893617,0.03441194200893716,0.517182469367981,5.581060108135609,-99.99039,0,-95.48752,0.61588454246521,10,1
2,2417.000000001862,2025-04-21T19:29:02.425998,-99.627945,-73.22776,1.2879272,0.0,0.013682725924872637,0.09237837791442871,3.4231057011869326,-99.99064,0,-99.66186,0.9177756905555725,10,2
2,2417.000000001862,2025-04-21T19:29:03.114029,-99.73297,-73.21526,1.1084578,0.0,0.011244522414955438,0.08770083636045456,3.8149854303451383,-99.9914,0,-99.558235,0.9379060864448547,10,3
3,2422.0000000018617,2025-04-21T19:29:03.293551,-92.97148,-63.452053,8.927615,0.21739130434782608,0.1894709760219951,1.2889739274978638,3.1355277676495343,-99.89158,5,-86.3031,0.11600393056869507,10,1
3,2422.0000000018617,2025-04-21T19:29:03.984782,-99.89641,-82.841805,0.36814997,0.0,0.007837396509507124,0.053201932460069656,4.775304870759438,-99.97838,0,-99.956375,0.9954670071601868,10,2
3,2422.0000000018617,2025-04-21T19:29:04.668144,-99.920044,-82.306015,0.31870216,0.0,0.006109791394815775,0.04949534684419632,5.40982531617192,-99.98872,0,-99.969864,0.9966962933540344,10,3
4,2427.00000000186,2025-04-21T19:29:04.848469,-89.53604,-64.20098,6.4405346,0.14893617021276595,0.12052633385385729,1.4132208824157715,4.229237841525659,-98.68762,6,-87.69403,0.35603153705596924,10,1
4,2427.00000000186,2025-04-21T19:29:05.514388,-88.649765,-60.239986,9.560643,0.8181818181818182,0.574287499367872,1.4132206439971924,1.9828648632898955,-99.15759,7,-84.862785,0.10678880661725998,10,2
4,2427.00000000186,2025-04-21T19:29:06.203929,-99.81525,-77.21873,0.72423244,0.0,0.008735895309301899,0.09443750232458115,5.513721969572811,-99.98975,0,-99.69222,0.9786942601203918,10,3
5,2432.000000001859,2025-04-21T19:29:06.382433,-99.59602,-71.01588,1.6703258,0.0,0.01689223861216902,0.10806719213724136,3.221638923441663,-99.98516,1,-99.95215,0.8462843298912048,10,1
5,2432.000000001859,2025-04-21T19:29:07.063061,-84.802155,-62.541122,9.642168,0.7954545454545454,0.7944772615152247,1.4131991863250732,1.5244390545052673,-97.0516,8,-85.050896,0.15238206088542938,10,2
5,2432.000000001859,2025-04-21T19:29:07.742398,-99.76002,-73.06313,1.0505959,0.0,0.01094303027659493,0.09457801282405853,4.234245245905335,-99.98697,0,-99.54957,0.9387272596359253,10,3
6,2437.000000001862,2025-04-21T19:29:07.928268,-86.77182,-61.761738,9.663292,0.7659574468085106,0.7192361056829524,1.4132206439971924,1.6595468277186611,-97.22333,6,-89.63511,0.11535758525133133,10,1
6,2437.000000001862,2025-04-21T19:29:08.605575,-99.48294,-74.66729,1.659955,0.0,0.01793731410660633,0.1092778742313385,3.1616731001345793,-99.9859,0,-99.95176,0.8702337145805359,10,2
6,2437.000000001862,2025-04-21T19:29:09.287369,-99.48658,-74.501884,1.6228756,0.0,0.017982466846493118,0.11087378114461899,3.283210570895894,-99.987206,0,-99.94114,0.8754842877388,10,3
7,2442.0000000018617,2025-04-21T19:29:09.473317,-99.83609,-79.23662,0.6478314,0.0,0.007472827129180997,0.08335801213979721,5.844674814060168,-99.98713,0,-99.95294,0.9846491813659668,10,1
7,2442.0000000018617,2025-04-21T19:29:10.157730,-96.995514,-65.6334,6.0365157,0.23404255319148937,0.09679527737271751,0.7337653040885925,3.6500996200707156,-99.974945,2,-99.617386,0.178910493850708,10,2
7,2442.0000000018617,2025-04-21T19:29:10.841373,-99.8134,-79.22721,0.6608444,0.0,0.00868689125659419,0.08369123935699463,5.529884945041395,-99.98401,0,-99.9179,0.9838322401046753,10,3
8,2447.00000000186,2025-04-21T19:29:11.022777,-96.630295,-69.71384,5.4723125,0.0851063829787234,0.1152180719037428,0.35317257046699524,2.4387757618461574,-99.98549,3,-93.32182,0.3472072184085846,10,1
8,2447.00000000186,2025-04-21T19:29:11.707925,-98.160225,-69.38994,3.8870113,0.0,0.06166404596606443,0.3680948317050934,3.6724727520725406,-99.932556,2,-99.68463,0.426387220621109,10,2
8,2447.00000000186,2025-04-21T19:29:12.379724,-99.9437,-95.614624,0.057744186,0.0,0.006209313009100553,0.026659445837140083,3.676304122595482,-99.9829,0,-99.92077,0.9999117255210876,10,3
9,2452.000000001859,2025-04-21T19:29:12.556073,-99.963196,-97.57095,0.013815533,0.0,0.005097236094198278,0.04109211638569832,7.0781912308390575,-99.98495,0,-99.95838,0.9999946355819702,10,1
9,2452.000000001859,2025-04-21T19:29:13.214927,-99.95808,-98.94162,0.018682474,0.0,0.005411367830157926,0.027792422100901604,4.450249955427818,-99.98782,0,-99.946625,0.9999915361404419,10,2
9,2452.000000001859,2025-04-21T19:29:13.886042,-99.72441,-69.16098,1.1243675,0.0,0.010632690480215926,0.14279869198799133,5.836388142608846,-99.98807,1,-99.479774,0.9251810908317566,10,3
10,2457.000000001862,2025-04-21T19:29:14.054943,-99.971176,-99.68956,0.0112957405,0.0,0.004568803156222908,0.01884848065674305,3.6486176708123357,-99.98926,0,-99.96815,0.9999977946281433,10,1
10,2457.000000001862,2025-04-21T19:29:14.722490,-99.63885,-69.91535,1.5736754,0.0,0.013668537123955507,0.127810999751091,3.839757159204651,-99.99019,1,-99.30434,0.8508275747299194,10,2
10,2457.000000001862,2025-04-21T19:29:15.393972,-99.55792,-70.481964,1.8413917,0.0,0.01856299682309496,0.1301557570695877,3.229183668805166,-99.988945,1,-99.14825,0.7978090643882751,10,3
11,2462.0000000018617,2025-04-21T19:29:15.589392,-99.52989,-69.66414,1.9769237,0.0,0.020318401939032425,0.12125280499458313,2.876757197102261,-99.9905,1,-99.97032,0.7676343321800232,10,1
11,2462.0000000018617,2025-04-21T19:29:16.270811,-95.407364,-76.699554,4.5938506,0.0,0.09284309608815956,0.3164094090461731,2.444341991072306,-99.989334,1,-93.26124,0.5486789345741272,10,2
11,2462.0000000018617,2025-04-21T19:29:16.951049,-99.87946,-81.07953,0.54406834,0.0,0.008003305792062543,0.056561317294836044,4.291236731773636,-99.98765,0,-99.9727,0.9883590936660767,10,3
1,2412.000000001859,2025-04-21T19:29:34.056787,-99.757324,-72.253334,1.0998063,0.0,0.00955013062588911,0.08884168416261673,4.071801445141212,-99.99159,0,-99.73195,0.9404733777046204,11,1
1,2412.000000001859,2025-04-21T19:29:34.732404,-83.90094,-60.078434,8.518592,0.8,0.864380093394801,1.4131773710250854,1.4474974487828671,-94.879105,9,-82.31687,0.16919630765914917,11,2
1,2412.000000001859,2025-04-21T19:29:35.409577,-99.56951,-72.78171,1.4448158,0.0,0.01613297424214409,0.0888187363743782,2.9966700504008386,-99.99146,1,-99.64683,0.8937212824821472,11,3
2,2417.000000001862,2025-04-21T19:29:35.582023,-84.74382,-59.95632,7.379055,0.3404255319148936,0.3997513957007706,1.4132421016693115,2.068327319908709,-96.13983,11,-81.07774,0.2848891317844391,11,1
2,2417.000000001862,2025-04-21T19:29:36.256478,-99.977066,-99.562675,0.008668394,0.0,0.0040658832740226684,0.016858592629432678,3.6675477261206333,-99.991585,0,-99.975204,0.9999980926513672,11,2
2,2417.000000001862,2025-04-21T19:29:36.927084,-99.811035,-76.06073,0.84957033,0.0,0.007237566595833994,0.09606926888227463,5.607175289342105,-99.99139,0,-99.64815,0.969487190246582,11,3
3,2422.0000000018617,2025-04-21T19:29:37.100202,-99.96687,-96.36143,0.017156182,0.0,0.004889302353318289,0.0204944871366024,3.696715101400789,-99.99009,0,-99.967606,0.9999916553497314,11,1
3,2422.0000000018617,2025-04-21T19:29:37.771450,-99.63455,-73.14023,1.4185182,0.0,0.014709913854953096,0.0995137020945549,3.4347259899240234,-99.98758,0,-99.36657,0.892687201499939,11,2
3,2422.0000000018617,2025-04-21T19:29:38.444889,-99.80699,-75.40595,0.7877994,0.0,0.008396528888156526,0.09340331703424454,5.202527550387701,-99.9887,0,-99.71512,0.9714611172676086,11,3
4,2427.00000000186,2025-04-21T19:29:38.615928,-98.95578,-80.6804,2.4721475,0.0,0.027475145154562303,0.16809149086475372,3.391342985776509,-99.98699,0,-99.960556,0.7793658971786499,11,1
4,2427.00000000186,2025-04-21T19:29:39.281726,-83.65021,-60.15029,8.546931,1.0,0.9074316859493964,1.4132208824157715,1.4566142987805475,-96.17656,10,-81.11402,0.1818391978740692,11,2
4,2427.00000000186,2025-04-21T19:29:39.947210,-99.68114,-72.80119,1.2847899,0.0,0.014259199773862455,0.10207235813140869,3.740942538282814,-99.98809,0,-99.44359,0.9111921191215515,11,3
5,2432.000000001859,2025-04-21T19:29:40.116803,-92.980736,-69.31433,8.432032,0.7659574468085106,0.291194600187643,0.6272359490394592,1.7746994504405669,-99.93806,6,-93.04415,0.15558241307735443,11,1
5,2432.000000001859,2025-04-21T19:29:40.790715,-99.61977,-73.36021,1.2635945,0.0,0.013038472797058004,0.11323695629835129,4.188794903816142,-99.98408,0,-99.51968,0.9291645884513855,11,2
5,2432.000000001859,2025-04-21T19:29:41.463224,-84.88522,-61.752792,9.561754,0.7659574468085106,0.7564665523826654,1.4132206439971924,1.5587567312375692,-97.173294,9,-84.954315,0.15596207976341248,11,3
6,2437.000000001862,2025-04-21T19:29:41.639292,-99.471535,-70.11878,2.0718546,0.0,0.024196060332337756,0.13602806627750397,2.929644634291627,-99.9837,1,-99.92687,0.7392469644546509,11,1
6,2437.000000001862,2025-04-21T19:29:42.325199,-99.86272,-80.30373,0.48122686,0.0,0.006863481980150618,0.08708731830120087,7.598115975567705,-99.98429,0,-99.93958,0.9921022057533264,11,2
6,2437.000000001862,2025-04-21T19:29:43.011631,-95.171814,-69.17983,6.8483267,0.3617021276595745,0.12948025691295395,0.6113891005516052,2.788151137302837,-99.97056,6,-98.72303,0.23505979776382446,11,3
7,2442.0000000018617,2025-04-21T19:29:43.205124,-95.96464,-56.168217,6.415736,0.38636363636363635,0.18382853441697392,1.068518877029419,3.6139163449267357,-99.87191,3,-98.77561,0.10833357274532318,11,1
7,2442.0000000018617,2025-04-21T19:29:43.897423,-99.77131,-77.38812,0.92634875,0.0,0.010707420185075511,0.08272930234670639,4.136350716515931,-99.98516,0,-99.953186,0.9616502523422241,11,2
7,2442.0000000018617,2025-04-21T19:29:44.589200,-99.745804,-75.353355,1.0887392,0.0,0.012404937648653835,0.08357156813144684,3.553319779953611,-99.98528,0,-99.95132,0.9390993714332581,11,3
8,2447.00000000186,2025-04-21T19:29:44.766151,-99.9639,-97.594376,0.0145108,0.0,0.005095467667316158,0.019772715866565704,3.4246262311602713,-99.98762,0,-99.95626,0.9999954700469971,11,1
8,2447.00000000186,2025-04-21T19:29:45.440775,-99.95034,-99.06993,0.04019614,0.0,0.00600558078234326,0.02522479183971882,3.707136016497071,-99.98807,0,-99.92819,0.9999579787254333,11,2
8,2447.00000000186,2025-04-21T19:29:46.113363,-98.16438,-69.17575,3.8866925,0.0,0.06096451302394302,0.4112580418586731,4.2046968613502,-99.94252,2,-99.72875,0.44676434993743896,11,3
9,2452.000000001859,2025-04-21T19:29:46.297588,-99.66057,-73.85467,1.2974474,0.0,0.011435292659325056,0.13699255883693695,5.3933997328481365,-99.98828,0,-99.38512,0.9209047555923462,11,1
9,2452.000000001859,2025-04-21T19:29:46.965977,-99.60104,-69.86339,1.6032281,0.0,0.0153993241927203,0.14005601406097412,4.050729346664381,-99.98104,1,-99.26173,0.8453782796859741,11,2
9,2452.000000001859,2025-04-21T19:29:47.661376,-99.92008,-97.93501,0.0808304,0.0,0.007675312504623876,0.026035413146018982,3.012449988689559,-99.98301,0,-99.883194,0.9998242855072021,11,3
10,2457.000000001862,2025-04-21T19:29:47.846108,-99.96068,-98.43563,0.02631884,0.0,0.005225725206471059,0.02237258106470108,3.7083728632382664,-99.98938,0,-99.95774,0.9999834299087524,11,1
10,2457.000000001862,2025-04-21T19:29:48.517251,-99.94553,-97.51189,0.056846105,0.0,0.006096290710964494,0.026737848296761513,3.762441588407891,-99.98947,0,-99.9508,0.9999133944511414,11,2
10,2457.000000001862,2025-04-21T19:29:49.198458,-99.97057,-99.73252,0.011664423,0.0,0.004625753954544036,0.01903182826936245,3.6360414404751555,-99.98986,0,-99.96739,0.999997079372406,11,3
11,2462.0000000018617,2025-04-21T19:29:49.377167,-98.13382,-70.81747,3.4994588,0.0,0.040183287965888326,0.23569822311401367,3.1122559656006183,-99.98828,0,-99.93163,0.6289016604423523,11,1
11,2462.0000000018617,2025-04-21T19:29:50.055252,-98.21901,-69.81862,3.431439,0.0,0.04328353987233099,0.23351232707500458,3.0848946593174933,-99.98897,1,-99.94102,0.6178942322731018,11,2
11,2462.0000000018617,2025-04-21T19:29:50.724517,-99.562386,-69.97372,1.8119096,0.0,0.0181781165441673,0.12848109006881714,3.2879241685550187,-99.984566,1,-99.95786,0.8064711689949036,11,3
